Model,MAE,RMSE,MAPE (%),Forecast Month 1,Forecast Month 2,Forecast Month 3
SARIMA,19788.103575556936,20959.326901307817,20.78113959217063,49734.81404950257,36025.85758735796,69762.4685374469
Prophet,20172.42444733945,21474.86349957164,21.968496185109,35471.08165450838,26286.557102319148,76559.40950108616
XGBoost,14454.013749999998,16129.085418746268,14.736103348448873,81983.6484375,24025.74609375,24014.623046875
